cue,resource_path,voice_class,duration_sec,loop,recommended_player_gain_db,bus,auditory_review
alarm,res://art/audio_v2/alarm.wav,signal,0.9,False,-11,SFX,NOT_LISTENED_NO_AUDIO_CAPABILITY
alarm_stinger,res://art/audio_v2/alarm_stinger.wav,signal,0.48,False,-11,SFX,NOT_LISTENED_NO_AUDIO_CAPABILITY
fire,res://art/audio_v2/fire.wav,gun,0.24,False,-15,SFX,NOT_LISTENED_NO_AUDIO_CAPABILITY
fire_mg,res://art/audio_v2/fire_mg.wav,gun,0.19002267573696144,False,-15,SFX,NOT_LISTENED_NO_AUDIO_CAPABILITY
fire_scout,res://art/audio_v2/fire_scout.wav,gun,0.38,False,-15,SFX,NOT_LISTENED_NO_AUDIO_CAPABILITY
fire_smg,res://art/audio_v2/fire_smg.wav,gun,0.11002267573696145,False,-15,SFX,NOT_LISTENED_NO_AUDIO_CAPABILITY
fire_bolt,res://art/audio_v2/fire_bolt.wav,gun,0.3900226757369615,False,-15,SFX,NOT_LISTENED_NO_AUDIO_CAPABILITY
fire_garand,res://art/audio_v2/fire_garand.wav,gun,0.22,False,-15,SFX,NOT_LISTENED_NO_AUDIO_CAPABILITY
fire_mg42,res://art/audio_v2/fire_mg42.wav,gun,0.14,False,-15,SFX,NOT_LISTENED_NO_AUDIO_CAPABILITY
fire_pistol,res://art/audio_v2/fire_pistol.wav,gun,0.15002267573696146,False,-15,SFX,NOT_LISTENED_NO_AUDIO_CAPABILITY
fire_shotgun,res://art/audio_v2/fire_shotgun.wav,gun,0.32,False,-15,SFX,NOT_LISTENED_NO_AUDIO_CAPABILITY
fire_ping,res://art/audio_v2/fire_ping.wav,foley,0.2700226757369614,False,-16,SFX,NOT_LISTENED_NO_AUDIO_CAPABILITY
return_fire,res://art/audio_v2/return_fire.wav,gun,0.26,False,-18,SFX,NOT_LISTENED_NO_AUDIO_CAPABILITY
empty,res://art/audio_v2/empty.wav,foley,0.12,False,-16,SFX,NOT_LISTENED_NO_AUDIO_CAPABILITY
loot,res://art/audio_v2/loot.wav,foley,0.28,False,-16,SFX,NOT_LISTENED_NO_AUDIO_CAPABILITY
op_death,res://art/audio_v2/op_death.wav,signal,0.72,False,-11,SFX,NOT_LISTENED_NO_AUDIO_CAPABILITY
escape,res://art/audio_v2/escape.wav,signal,0.8,False,-11,SFX,NOT_LISTENED_NO_AUDIO_CAPABILITY
fail,res://art/audio_v2/fail.wav,signal,1.1500226757369614,False,-11,SFX,NOT_LISTENED_NO_AUDIO_CAPABILITY
win,res://art/audio_v2/win.wav,signal,0.9,False,-12,SFX,NOT_LISTENED_NO_AUDIO_CAPABILITY
win_stinger,res://art/audio_v2/win_stinger.wav,signal,1.2,False,-12,SFX,NOT_LISTENED_NO_AUDIO_CAPABILITY
door,res://art/audio_v2/door.wav,foley,0.6,False,-16,SFX,NOT_LISTENED_NO_AUDIO_CAPABILITY
trip,res://art/audio_v2/trip.wav,foley,0.4,False,-16,SFX,NOT_LISTENED_NO_AUDIO_CAPABILITY
barrel,res://art/audio_v2/barrel.wav,signal,1.1500226757369614,False,-11,SFX,NOT_LISTENED_NO_AUDIO_CAPABILITY
kill,res://art/audio_v2/kill.wav,foley,0.19002267573696144,False,-16,SFX,NOT_LISTENED_NO_AUDIO_CAPABILITY
hit,res://art/audio_v2/hit.wav,foley,0.12,False,-16,SFX,NOT_LISTENED_NO_AUDIO_CAPABILITY
ui,res://art/audio_v2/ui.wav,ui,0.06498866213151927,False,-16,SFX,NOT_LISTENED_NO_AUDIO_CAPABILITY
spawn,res://art/audio_v2/spawn.wav,foley,0.32,False,-16,SFX,NOT_LISTENED_NO_AUDIO_CAPABILITY
echo_ping,res://art/audio_v2/echo_ping.wav,signal,0.7,False,-13,SFX,NOT_LISTENED_NO_AUDIO_CAPABILITY
handoff,res://art/audio_v2/handoff.wav,signal,0.8500226757369614,False,-14,SFX,NOT_LISTENED_NO_AUDIO_CAPABILITY
leak,res://art/audio_v2/leak.wav,signal,0.7,False,-12,SFX,NOT_LISTENED_NO_AUDIO_CAPABILITY
night_enter,res://art/audio_v2/night_enter.wav,signal,0.68,False,-14,SFX,NOT_LISTENED_NO_AUDIO_CAPABILITY
tension,res://art/audio_v2/tension.wav,signal,0.76,False,-13,SFX,NOT_LISTENED_NO_AUDIO_CAPABILITY
ambient_yard,res://art/audio_v2/ambient_yard.wav,ambient,16.0,True,-16,SFX,NOT_LISTENED_NO_AUDIO_CAPABILITY
ambient_warehouse,res://art/audio_v2/ambient_warehouse.wav,ambient,16.0,True,-16,SFX,NOT_LISTENED_NO_AUDIO_CAPABILITY
ambient_pump,res://art/audio_v2/ambient_pump.wav,ambient,16.0,True,-16,SFX,NOT_LISTENED_NO_AUDIO_CAPABILITY
ambient_railcut,res://art/audio_v2/ambient_railcut.wav,ambient,16.0,True,-16,SFX,NOT_LISTENED_NO_AUDIO_CAPABILITY
ambient_depot,res://art/audio_v2/ambient_depot.wav,ambient,16.0,True,-16,SFX,NOT_LISTENED_NO_AUDIO_CAPABILITY
ambient_radio,res://art/audio_v2/ambient_radio.wav,ambient,16.0,True,-16,SFX,NOT_LISTENED_NO_AUDIO_CAPABILITY
foot,res://art/audio_v2/foot.wav,foley,0.2,False,-20,SFX,NOT_LISTENED_NO_AUDIO_CAPABILITY
whistle,res://art/audio_v2/whistle.wav,signal,0.52,False,-13,SFX,NOT_LISTENED_NO_AUDIO_CAPABILITY
knife,res://art/audio_v2/knife.wav,foley,0.28,False,-16,SFX,NOT_LISTENED_NO_AUDIO_CAPABILITY
crate_lid,res://art/audio_v2/crate_lid.wav,foley,0.5300226757369615,False,-16,SFX,NOT_LISTENED_NO_AUDIO_CAPABILITY
body_drop,res://art/audio_v2/body_drop.wav,foley,0.5500226757369614,False,-18,SFX,NOT_LISTENED_NO_AUDIO_CAPABILITY
select,res://art/audio_v2/select.wav,ui,0.1,False,-16,SFX,NOT_LISTENED_NO_AUDIO_CAPABILITY
stealth_bed,res://art/audio_v2/stealth_bed.wav,bed,16.0,True,-10,Music,NOT_LISTENED_NO_AUDIO_CAPABILITY
